date,submit_ts,symbol,qty,intended_px,bid,ask,mid,spread_bps,fill_avg,slip_vs_intended_bps,slip_vs_mid_bps,order_id
2026-06-30,2026-06-30T09:44:15-04:00,SLS,138,14.4,14.41,14.5,14.455,62.3,14.4957,66.5,28.2,18d563b9-9781-41b7-b53c-fb5015f37d3d
2026-06-30,2026-06-30T09:44:15-04:00,ASTS,23,85.7,81.31,89.59,85.45,969.0,85.79,10.5,39.8,cddf9d5f-91d6-49cc-8d02-34c60f4b9a27
2026-06-30,2026-06-30T09:44:15-04:00,CADL,189,10.53,10.58,10.69,10.635,103.4,10.67,133.0,32.9,18723179-418f-4129-a3a1-61f33b4d7edd
2026-07-01,2026-07-01T09:44:06-04:00,META,3,601.79,600.0,602.52,601.26,41.9,601.75,-0.7,8.1,bafcb02e-152b-4caa-b471-c7274f97ad0a
2026-07-01,2026-07-01T09:44:06-04:00,RAM,93,21.41,21.32,21.45,21.385,60.8,21.43,9.3,21.0,f7c6677a-16a8-46b9-a3a0-95beccaee6f2
2026-07-02,2026-07-02T10:36:10-04:00,RDDT,10,191.44,182.6,191.69,187.145,485.7,191.94,26.1,256.2,ff08c7d7-1c2c-4563-a801-735b6f79bf31
2026-07-02,2026-07-02T10:36:10-04:00,OUST,37,52.835,52.5,60.55,56.525,1424.1,53.33,93.7,-565.2,9adef1a6-a0f5-4e11-b70d-026868dfe980
2026-07-06,2026-07-06T09:44:05-04:00,ADP,8,238.97,234.52,255.57,245.045,859.0,239.6,26.4,-222.2,c29cd9c7-df5d-476f-ae3f-a3efa8928dea
2026-07-06,2026-07-06T09:44:05-04:00,WULF,80,24.935,24.92,24.94,24.93,8.0,24.94,2.0,4.0,771d24aa-29a5-4007-a524-fd9adc5201fb
2026-07-06,2026-07-06T09:44:05-04:00,MSTR,20,97.38,92.24,101.89,97.065,994.2,97.623,25.0,57.5,3075aa37-7043-4265-9fbf-ead1ba4e0b42
2026-07-07,2026-07-07T09:44:06-04:00,IBKR,20,95.53,89.68,100.17,94.925,1105.1,95.46,-7.3,56.4,99a5e320-7123-40de-b221-41b8a5153e5a
2026-07-07,2026-07-07T09:44:06-04:00,RIVN,112,17.85,17.84,17.85,17.845,5.6,17.854,2.3,5.1,ac5c6d6f-2dd6-48a1-a8d2-13ba18f4488e
2026-07-07,2026-07-07T09:44:06-04:00,QQQ,2,713.45,712.84,713.61,713.225,10.8,713.275,-2.5,0.7,e3d76685-a29d-493a-826c-6155382a96ef
2026-07-08,2026-07-08T09:44:06-04:00,IGSB,38,52.14,52.13,52.14,52.135,1.9,52.14,0.0,1.0,c710b501-d694-49f1-bf11-f64d9e62ceb7
2026-07-08,2026-07-08T09:44:06-04:00,DPZ,6,303.95,292.03,324.5,308.265,1053.3,304.69,24.3,-116.0,5080fb42-b1ac-4620-9b70-8691715391a4
2026-07-08,2026-07-08T09:44:06-04:00,DTE,13,153.055,143.6,162.43,153.015,1230.6,152.81,-16.0,-13.4,40f715d1-39ae-49ca-8315-5cd7fb85fb89
2026-07-09,2026-07-09T09:44:16-04:00,PENG,23,85.3,80.0,85.97,82.985,719.4,85.58,32.8,312.7,4f035a6f-9719-44b0-b80a-d3b013a4b967
2026-07-09,2026-07-09T09:44:16-04:00,ENVX,363,5.495,5.5,5.51,5.505,18.2,5.51,27.3,9.1,4beca9f3-d817-46e5-bdb6-560bdf1bfc3f
2026-07-09,2026-07-09T09:44:16-04:00,POET,222,8.98,9.01,9.03,9.02,22.2,9.02,44.5,0.0,74ffc998-ff46-45ba-b60e-c1e9ef14c553
2026-07-10,2026-07-10T09:44:16-04:00,OMC,24,82.8,78.18,85.57,81.875,902.6,82.9,12.1,125.2,8fe6ad54-cbab-4666-ab80-b19652f71890
2026-07-10,2026-07-10T09:44:16-04:00,FBRX,51,39.025,33.73,45.47,39.6,2964.6,39.87,216.5,68.2,e10f27d9-9904-44f9-ab60-8d39197b7b0f
2026-07-10,2026-07-10T09:44:16-04:00,OPEN,367,5.435,5.43,5.44,5.435,18.4,5.44,9.2,9.2,e62a6aa4-ef0e-4adb-85f5-a7cb0b1d7ceb
2026-07-13,2026-07-13T09:44:23-04:00,BW,173,11.56,11.47,13.17,12.32,1379.9,11.54,-17.3,-633.1,91d15b02-9dc5-445f-b3a8-51ad608aaf87
2026-07-13,2026-07-13T09:44:23-04:00,SNDK,1,1709.755,1700.0,1738.03,1719.015,221.2,1709.65,-0.6,-54.5,35a52d04-b365-4b10-9e2e-992d188d8247
2026-07-14,2026-07-14T09:44:16-04:00,ELV,4,429.0,402.95,449.63,426.29,1095.0,429.29,6.8,70.4,55c597df-1da9-4640-b1d6-eb23dca0f952
2026-07-14,2026-07-14T09:44:16-04:00,IBM,9,220.885,219.89,229.19,224.54,414.2,220.92,1.6,-161.2,561cc1fa-18b4-4117-9e47-4a59d278f558
2026-07-15,2026-07-15T09:44:18-04:00,D,28,71.15,71.17,71.2,71.185,4.2,71.21,8.4,3.5,6f934fe0-254a-4c7a-a188-a8e00997a3a0
2026-07-16,2026-07-16T09:44:12-04:00,SKHY,12,163.16,162.5,163.25,162.875,46.0,163.045,-7.0,10.4,7af2a334-d9bc-4ce7-a7f5-eb71ad153304
2026-07-16,2026-07-16T09:44:12-04:00,ASTS,34,58.76,58.0,60.0,59.0,339.0,58.85,15.3,-25.4,cab9ddc1-1444-4ddd-82c5-29018e01d9af
2026-07-16,2026-07-16T09:44:12-04:00,ICLR,11,172.0,170.13,173.35,171.74,187.5,173.35,78.5,93.7,2f44072f-2ee2-42af-a39d-b25bf692fddd
2026-07-17,2026-07-17T09:44:11-04:00,XEL,24,81.42,81.39,81.46,81.425,8.6,81.45,3.7,3.1,42a054e3-25ab-4b0b-8560-ead9fc6c506f
2026-07-17,2026-07-17T09:44:11-04:00,PSX,9,204.495,195.14,216.51,205.825,1038.3,204.76,13.0,-51.7,962a8971-5a02-4583-b5a4-f69d19e65f42
2026-07-17,2026-07-17T09:44:11-04:00,NFLX,29,67.01,66.95,66.98,66.965,4.5,66.9866,-3.5,3.2,8bc9b118-5ebb-4d1a-aa77-f177001b7f72
2026-07-20,2026-07-20T09:44:11-04:00,SHEL,23,86.05,86.04,86.06,86.05,2.3,86.0817,3.7,3.7,93ed0b68-e081-4033-9fed-3357eec4e985
2026-07-20,2026-07-20T09:44:11-04:00,PSNL,148,13.45,11.43,13.46,12.445,1631.2,13.46,7.4,815.6,d162018b-ace0-47c8-8cbc-1ba28fa5747b
2026-07-21,2026-07-21T09:44:20-04:00,EA,9,209.16,209.13,209.16,209.145,1.4,209.16,0.0,0.7,fdff9898-9067-4a99-91d7-bfb2f2f01db2
2026-07-21,2026-07-21T09:44:20-04:00,NUAI,364,5.48,5.47,5.5,5.485,54.7,5.4876,13.9,4.8,d0efe01b-2a36-475b-a475-fb1e1a987b12
2026-07-21,2026-07-21T09:44:20-04:00,NBIS,10,195.82,192.0,199.86,195.93,401.2,196.3,24.5,18.9,cdd54552-b57a-4cbc-909d-35f089d9475d
2026-07-22,2026-07-22T09:44:23-04:00,SMCI,65,30.54,30.56,30.58,30.57,6.5,30.57,9.8,0.0,d3452ab7-944a-406c-9f31-801ea3d0b595
2026-07-22,2026-07-22T09:44:23-04:00,MPC,6,325.1,324.64,325.23,324.935,18.2,325.23,4.0,9.1,794d05fc-a698-4b3b-99f4-25ecba38f9b4
2026-07-22,2026-07-22T09:44:23-04:00,ARWR,22,89.07,84.93,94.21,89.57,1036.1,89.06,-1.1,-56.9,36da2e7d-42f5-4645-9d09-281da95951e5
2026-07-23,2026-07-23T09:44:18-04:00,CLF,180,11.11,10.45,11.12,10.785,621.2,11.11,0.0,301.3,23ab1d36-70a1-4f0b-b495-3b15bf2e459d
2026-07-23,2026-07-23T09:44:18-04:00,AMP,3,521.98,495.15,550.86,523.005,1065.2,523.91,37.0,17.3,c887a1b8-af3d-45fb-a7ac-4b2d10f1a5ba
2026-07-27,2026-07-27T09:44:19-04:00,ADSK,9,215.305,202.41,225.75,214.08,1090.2,215.55,11.4,68.7,dc1837a2-188d-4490-8b40-a6fed1755fab
2026-07-27,2026-07-27T09:44:19-04:00,VRSK,9,204.595,204.1,205.25,204.675,56.2,205.25,32.0,28.1,9b71217f-f5c1-454b-80d1-709dde385d43
2026-07-28,2026-07-28T09:44:21-04:00,BBY,22,90.25,85.2,93.56,89.38,935.3,90.09,-17.7,79.4,190e2d8a-f7ce-483a-ad77-86159f92bddc
2026-07-28,2026-07-28T09:44:21-04:00,CAH,8,231.98,231.63,244.85,238.24,554.9,232.07,3.9,-259.0,39567f17-fc2a-4dd0-8253-ee9262beefe0
2026-07-29,2026-07-29T09:44:17-04:00,GWW,1,1383.43,1286.57,1467.9,1377.235,1316.6,1388.87,39.3,84.5,32699c46-e190-4c86-a8be-f26a4f6aa872
2026-07-30,2026-07-30T09:44:19-04:00,HPQ,74,26.78,26.75,26.8,26.775,18.7,26.79,3.7,5.6,73e3c250-5fbc-48d0-8f5b-25aed72e66cc
2026-07-30,2026-07-30T09:44:19-04:00,CVNA,33,59.64,59.6,59.8,59.7,33.5,59.6588,3.2,-6.9,79ce8a40-c7ba-4e1e-bd1d-932a17c60009
2026-07-31,2026-07-31T09:44:20-04:00,AXTI,33,60.11,57.0,65.0,61.0,1311.5,60.15,6.7,-139.3,6da213f2-eaa5-491f-b115-cd29854d7672
2026-07-31,2026-07-31T09:44:20-04:00,BE,9,217.475,206.95,230.62,218.785,1081.9,217.57,4.4,-55.5,2846d74b-1ca5-4469-a81c-eced975a61dd
2026-08-03,2026-08-03T09:44:19-04:00,AMBA,24,83.33,83.11,83.97,83.54,102.9,83.94,73.2,47.9,a3d8eebe-a3df-4481-a495-7f4070f46834
2026-08-03,2026-08-03T09:44:19-04:00,LYV,11,176.365,175.4,176.49,175.945,62.0,176.41,2.6,26.4,f20ec48a-4b40-4b73-9f8a-01e67b6e31ca
2026-08-03,2026-08-03T09:44:19-04:00,FSLR,8,222.605,210.0,236.2,223.1,1174.4,223.99,62.2,39.9,3d909634-b67f-4b1d-85b3-fe2c38938eb0
2026-08-04,2026-08-04T09:44:21-04:00,AAOI,15,126.81,122.07,127.38,124.725,425.7,126.6313,-14.1,152.8,7ebe29e7-4cf2-4f91-aef2-ef4d2b99db7c
2026-08-04,2026-08-04T09:44:21-04:00,LITE,2,841.98,838.62,844.53,841.575,70.2,843.39,16.7,21.6,c2289a12-d420-4882-9173-66b3632d939e
2026-08-04,2026-08-04T09:44:21-04:00,PLTR,13,151.53,151.51,151.58,151.545,4.6,151.5454,1.0,0.0,5b21a73f-2e0f-4d5f-9509-440253024f15
2026-08-05,2026-08-05T09:44:16-04:00,SHOP,13,145.385,123.15,148.0,135.575,1832.9,145.82,29.9,755.7,f46c90aa-72ac-4d9d-a834-0a93eed6afcd
2026-08-05,2026-08-05T09:44:16-04:00,UPST,61,32.34,31.8,32.55,32.175,233.1,32.55,64.9,116.6,83634ca5-13bc-4989-bdf4-14209d27ce32
2026-08-05,2026-08-05T09:44:16-04:00,WULF,104,19.16,19.14,19.17,19.155,15.7,19.1681,4.2,6.8,ae87cadd-0435-4d27-a242-fd02a682f40d
2026-08-06,2026-08-06T09:44:21-04:00,HTZ,1190,1.68,1.67,1.68,1.675,59.7,1.68,0.0,29.9,4082ebae-5b51-49ee-9200-45927d670bdc
2026-08-06,2026-08-06T09:44:21-04:00,NVAX,263,7.58,7.54,7.8,7.67,339.0,7.64,79.2,-39.1,4f5dfde5-7569-4a6f-8239-28631b5acc43
2026-08-06,2026-08-06T09:44:22-04:00,SOUN,260,7.67,7.67,7.68,7.675,13.0,7.68,13.0,6.5,151e67b7-5b35-4545-b7c8-b92bd3ae5ee9
2026-08-06,2026-08-06T10:13:33-04:00,FLNC,136,14.685,14.67,14.78,14.725,74.7,14.68,-3.4,-30.6,2cdbff57-8c9e-4372-882a-bc85b8457170
2026-08-07,2026-08-07T09:44:19-04:00,HTZ,847,2.36,2.35,2.36,2.355,42.5,2.36,0.0,21.2,ef4bd469-66cf-4aa4-a7ba-9434d99bc5c4
2026-08-07,2026-08-07T09:44:19-04:00,TE,323,6.175,6.17,6.18,6.175,16.2,6.18,8.1,8.1,31e4d5a7-f437-4223-98d7-221600b5a5b5
2026-08-07,2026-08-07T09:44:19-04:00,NB,366,5.45,5.43,5.45,5.44,36.8,5.45,0.0,18.4,27b8bcfd-7596-4176-b632-ce2f60686f51
2026-08-10,2026-08-10T09:44:11-04:00,HTZ,860,2.325,2.32,2.33,2.325,43.0,2.33,21.5,21.5,243c93fb-692b-4c1d-97a1-726b0ebe83fb
2026-08-10,2026-08-10T09:44:11-04:00,RUM,314,6.36,6.35,6.37,6.36,31.4,6.36,0.0,0.0,2d3a3826-61da-4364-9bd5-81b375ea36fe
2026-08-10,2026-08-10T09:44:11-04:00,ONDS,214,9.345,9.34,9.36,9.35,21.4,9.35,5.4,0.0,f40142bd-3f42-4bf2-9d8e-a0542ee7c745
2026-08-11,2026-08-11T09:44:18-04:00,PLUG,871,2.295,2.29,2.3,2.295,43.6,2.3,21.8,21.8,7eeee027-66c8-48f9-ac03-29de0911171c
2026-08-11,2026-08-11T09:44:18-04:00,FRMI,293,6.82,6.83,6.84,6.835,14.6,6.84,29.3,7.3,94948aa3-92c4-4f88-9231-0fe898142613
2026-08-11,2026-08-11T09:44:18-04:00,API,438,4.56,4.53,4.58,4.555,109.8,4.58,43.9,54.9,b17ef562-b963-44bf-9dc5-3123f77d7021
2026-08-17,2026-08-17T09:44:05-04:00,EYPT,448,4.46,4.4,4.42,4.41,45.4,4.42,-89.7,22.7,b26b36de-189c-4fbb-b034-8f2073d1c3f2
2026-08-17,2026-08-17T09:44:05-04:00,HTZ,896,2.23,2.21,2.22,2.215,45.1,2.22,-44.8,22.6,f5543f98-9412-49c7-aafd-aa55021174c3
2026-08-17,2026-08-17T09:44:05-04:00,OCUL,187,10.67,10.62,10.7,10.66,75.0,10.7071,34.8,44.2,2eb3ee4b-329a-4955-889d-7f73253c057a
2026-08-18,2026-08-18T09:44:05-04:00,PONY,263,7.59,7.58,7.59,7.585,13.2,7.59,0.0,6.6,b67aecc5-7b71-4d96-8b4c-d45bb32e9b11
2026-08-18,2026-08-18T09:44:05-04:00,DUOT,162,12.33,10.5,12.38,11.44,1643.4,12.38,40.6,821.7,d5bc8cd5-b63a-46b2-8728-868067e3b293
2026-08-18,2026-08-18T09:44:05-04:00,KLAR,127,15.715,15.7,15.72,15.71,12.7,15.72,3.2,6.4,193ea870-6e68-4865-bdc4-55636ffa183c
2026-08-19,2026-08-19T09:44:05-04:00,TOYO,449,4.45,4.36,4.45,4.405,204.3,4.449,-2.2,100.0,76a70d07-42b0-42e5-87f1-a7fb4c6f5c4a
2026-08-19,2026-08-19T09:44:05-04:00,IOVA,259,7.71,7.69,7.72,7.705,38.9,7.72,13.0,19.5,c1a10242-5e83-471f-a3f6-7346a8fcb3b2
2026-08-19,2026-08-19T09:44:05-04:00,BULL,249,8.005,8.0,8.01,8.005,12.5,8.01,6.2,6.2,2624d0e5-50a9-4de3-ac5e-eb45ce3223a7
2026-08-20,2026-08-20T09:44:08-04:00,HTZ,934,2.14,2.13,2.14,2.135,46.8,2.14,0.0,23.4,3db08b05-9db2-4187-a398-cfb168f58353
2026-08-20,2026-08-20T09:44:08-04:00,PURR,209,9.565,9.55,9.58,9.565,31.4,9.59,26.1,26.1,35c91155-1163-4a60-bd22-b8e02031187c
2026-08-21,2026-08-21T09:44:08-04:00,RUM,233,8.57,8.54,8.58,8.56,46.7,8.58,11.7,23.4,318a1ed6-fdb2-43b3-ba91-665568c1ff26
2026-08-24,2026-08-24T09:44:07-04:00,CAPR,309,6.46,5.55,6.49,6.02,1561.5,6.49,46.4,780.7,e004e30c-8cf8-46c0-bbd3-c8ff24084289
2026-08-25,2026-08-25T09:44:09-04:00,HTZ,917,2.18,2.17,2.18,2.175,46.0,2.18,0.0,23.0,7348c4a0-d652-4687-9880-467cbe6e8337
2026-08-25,2026-08-25T09:44:09-04:00,UAMY,391,5.115,5.1,5.11,5.105,19.6,5.11,-9.8,9.8,b872eb7a-f2bc-4b51-8cf6-895766167b6a
2026-08-25,2026-08-25T09:44:10-04:00,PURR,184,10.855,10.84,10.86,10.85,18.4,10.86,4.6,9.2,8ef845f8-4e7a-4160-a127-aa258f21215d
2026-08-26,2026-08-26T09:44:06-04:00,CRML,243,8.2,8.18,8.21,8.195,36.6,8.21,12.2,18.3,9f82e7f7-5c03-484f-97b3-df7e4aede708
2026-08-26,2026-08-26T09:44:06-04:00,KSS,123,16.225,16.34,16.41,16.375,42.7,16.3677,88.0,-4.4,17cd6441-f45a-4546-af5a-80f69a413a0d
2026-08-26,2026-08-26T09:44:06-04:00,SMR,198,10.06,10.05,10.06,10.055,9.9,10.06,0.0,5.0,6936b9cb-0f68-4f23-8b0f-7b9b7ad34b95
2026-08-27,2026-08-27T09:44:06-04:00,AI,195,10.22,10.22,10.24,10.23,19.6,10.23,9.8,0.0,9f9bdebd-80bf-46fc-993a-20e27e14d69e
2026-08-27,2026-08-27T09:44:06-04:00,RCAT,219,9.13,9.15,9.18,9.165,32.7,9.17,43.8,5.5,769501fe-3497-4d96-9f13-a6c833c96e66
2026-08-28,2026-08-28T09:44:07-04:00,AGEN,255,7.84,7.81,7.85,7.83,51.1,7.85,12.8,25.5,ec7659ed-74cd-44da-ae36-8a7f6fcea935
2026-08-28,2026-08-28T09:44:07-04:00,SLS,139,14.37,14.36,14.43,14.395,48.6,14.37,0.0,-17.4,edce9b29-4d0d-43ce-8f8f-2c2e0845a69a
2026-09-01,2026-09-01T09:44:08-04:00,HTZ,913,2.19,2.19,2.2,2.195,45.6,2.2,45.7,22.8,b602a2e5-4488-4c8f-901b-829894518a5b
2026-09-01,2026-09-01T09:44:08-04:00,INFQ,158,12.61,12.6,12.62,12.61,15.9,12.6206,8.4,8.4,a7b9004f-4aa2-4a9c-8d97-3a4c81237ca4
2026-09-01,2026-09-01T09:44:08-04:00,PL,102,19.425,19.39,19.44,19.415,25.8,19.44,7.7,12.9,23656e72-46f9-49d0-9057-ae6d7ad1bf60
